campaign_id,campaign_name,start_date,end_date
1,Persistent needs-based initiative,2023-03-31,2023-04-05
2,Compatible grid-enabled Local Area Network,2023-07-22,2023-07-31
3,Quality-focused didactic architecture,2023-03-09,2023-04-01
4,Face-to-face bi-directional productivity,2022-12-17,2023-01-02
5,Multi-layered empowering Graphic Interface,2023-05-25,2023-06-02
6,Configurable didactic archive,2023-02-18,2023-03-02
7,Universal neutral Graphic Interface,2023-04-06,2023-05-05
8,Profound demand-driven model,2023-10-10,2023-10-21
9,Multi-tiered discrete protocol,2023-06-28,2023-07-07
10,Organized zero tolerance project,2022-12-20,2022-12-25
