user_id ,username          ,email                         ,birth_date ,registration_date   ,address
      1 ,fito              ,fujiwarananami@yahoo.com      ,1959-12-13 ,2022-04-10 11:18:21 ,高知県新島村手岡32丁目6番16号 シャルム西関宿939
      2 ,yoichisato        ,reikobayashi@kobayashi.jp     ,1957-03-18 ,2023-01-13 16:05:32 ,岡山県文京区南郷屋14丁目15番4号 パレス浅草橋273
      3 ,takahashiyumiko   ,yosukekobayashi@aoki.jp       ,2003-05-13 ,2023-11-06 16:43:04 ,沖縄県長生郡長生村上広谷10丁目10番6号
      4 ,hiroshi78         ,fukudayosuke@mori.com         ,1995-03-23 ,2022-05-11 03:19:21 ,新潟県新宿区橋場36丁目9番3号 前弥六南町コーポ825
      5 ,atsushiwatanabe   ,rika21@yahoo.com              ,1959-12-21 ,2022-08-09 11:31:10 ,熊本県白井市松が谷42丁目16番1号
      6 ,satomi91          ,lkobayashi@hotmail.com        ,2000-07-24 ,2022-04-14 02:50:37 ,佐賀県横浜市栄区四区町19丁目9番1号
      7 ,miki57            ,tomoyaogawa@gmail.com         ,1977-12-30 ,2023-08-11 00:36:09 ,青森県八街市睦5丁目13番18号 アーバン台東673
      8 ,ishikawayoichi    ,yumiko53@okamoto.org          ,1955-07-29 ,2023-08-12 04:25:51 ,高知県多摩市細竹21丁目16番2号 コーポ平須賀672
      9 ,yasuhiro28        ,hidekiikeda@fukuda.jp         ,1953-11-01 ,2022-06-18 05:58:14 ,愛媛県印西市日光37丁目7番19号 小入コート230
     10 ,znakagawa         ,chiyo57@gmail.com             ,1982-06-16 ,2023-11-27 10:54:22 ,奈良県横浜市栄区入谷26丁目20番5号 白金シティ640
     11 ,tsubasa09         ,yuta95@gmail.com              ,1969-10-14 ,2022-04-05 19:27:05 ,香川県国分寺市高田馬場5丁目3番13号 柿木沢新田シャルム085
     12 ,yamadarika        ,yuta04@takahashi.org          ,2005-05-28 ,2022-03-01 06:21:12 ,石川県新宿区芝浦29丁目5番11号 千塚コーポ034
     13 ,uwatanabe         ,tomoya71@shimizu.com          ,1990-09-10 ,2022-08-28 12:29:22 ,神奈川県大網白里市東大和町22丁目2番9号 パレス東大和町331
     14 ,momokosuzuki      ,gsato@kato.jp                 ,1983-01-30 ,2022-02-15 05:55:01 ,新潟県板橋区中鉢石町41丁目17番15号 東神田クレスト809
     15 ,nanami77          ,momokofukuda@yamamoto.com     ,1976-03-27 ,2023-08-14 06:59:32 ,静岡県横浜市都筑区千束34丁目6番6号
     16 ,yokomatsumoto     ,naotomiura@hotmail.com        ,1965-09-23 ,2022-06-01 23:49:56 ,広島県横浜市港北区三ノ輪6丁目7番19号 アーバン湯本塩原228
     17 ,yasuhiromatsumoto ,kazuyaota@gmail.com           ,1976-09-17 ,2023-05-26 02:53:08 ,大阪府南房総市竜泉39丁目3番19号
     18 ,miki38            ,satomai@yamashita.org         ,1980-12-02 ,2023-12-08 03:16:30 ,福島県横浜市金沢区土沢2丁目26番4号 西小来川クレスト895
     19 ,shohei13          ,satomi80@yahoo.com            ,1995-07-28 ,2023-01-24 16:21:16 ,福島県中央区西小来川8丁目21番8号
     20 ,kazuyafujii       ,nakamurayuki@hotmail.com      ,1974-09-03 ,2022-01-24 18:29:02 ,秋田県夷隅郡大多喜町芝大門17丁目14番4号 三筋コート555
     21 ,jnishimura        ,maayamurakami@murakami.jp     ,1983-12-12 ,2022-12-24 19:35:18 ,島根県横浜市港北区西浅草41丁目25番11号 日光コーポ280
     22 ,lmurakami         ,harukaito@yahoo.com           ,1974-08-22 ,2022-07-31 19:39:25 ,群馬県立川市日本堤19丁目11番6号 ハイツ細野024
     23 ,maifukuda         ,osamuhashimoto@sato.jp        ,1955-11-13 ,2021-12-19 10:45:58 ,福井県西多摩郡檜原村芝大門4丁目6番19号 芝浦クレスト941
     24 ,knakagawa         ,fwatanabe@mori.jp             ,1960-10-22 ,2023-09-22 08:12:45 ,千葉県新宿区芝大門13丁目26番12号 北青山パレス384
     25 ,suzukiyumiko      ,murakamihiroshi@hotmail.com   ,1981-05-18 ,2023-07-18 18:03:55 ,福島県横浜市青葉区松が谷1丁目1番20号 蔵前パレス829
     26 ,yokosakamoto      ,xito@watanabe.com             ,1984-10-01 ,2022-04-30 19:59:03 ,山形県三宅島三宅村上高野39丁目17番6号 勝どきハイツ718
     27 ,moriyuki          ,takahashitaichi@yahoo.com     ,1969-02-15 ,2023-01-05 20:57:47 ,岩手県利島村高輪35丁目4番12号 コーポ大中985
     28 ,tkobayashi        ,ptanaka@yamamoto.com          ,1964-08-07 ,2023-08-13 06:40:32 ,北海道山武郡横芝光町幸手36丁目3番3号
     29 ,hsasaki           ,kimuraryosuke@kimura.com      ,1997-07-15 ,2022-04-04 06:23:08 ,愛媛県利島村芝公園36丁目26番7号
     30 ,saitorei          ,qmurakami@hotmail.com         ,1979-01-04 ,2022-02-19 20:34:29 ,山口県横浜市鶴見区日光21丁目3番4号
     31 ,hanako54          ,moriyuta@nakagawa.jp          ,2001-02-10 ,2023-08-20 18:32:09 ,兵庫県印旛郡栄町丸の内ＪＰタワー17丁目25番18号
     32 ,kaoritakahashi    ,tomoyamurakami@ogawa.net      ,1982-10-10 ,2022-03-26 23:49:11 ,京都府杉並区所野38丁目4番18号 蟇沼コート402
     33 ,vyamamoto         ,suzukikyosuke@hotmail.com     ,1967-03-01 ,2022-02-11 15:36:20 ,宮城県南房総市長畑15丁目2番15号
     34 ,yoshidanaoto      ,taichi25@ikeda.jp             ,1955-03-12 ,2021-12-16 17:09:19 ,神奈川県小平市蔵前34丁目15番9号 上吉羽ハイツ144
     35 ,fyamada           ,yasuhiro89@kobayashi.com      ,1968-11-06 ,2022-12-03 15:57:55 ,大阪府横浜市青葉区日本堤39丁目10番9号 東上野クレスト043
     36 ,minoru74          ,mainishimura@yoshida.org      ,1955-11-19 ,2022-02-21 16:21:55 ,広島県鴨川市神明内24丁目14番7号 ハイツ芝浦928
     37 ,hidekikondo       ,myoshida@gmail.com            ,1956-05-21 ,2023-08-29 17:36:49 ,岐阜県国立市東神田1丁目27番16号 シティ脚折町799
     38 ,tomoyasaito       ,kenichiendo@yahoo.com         ,1990-07-26 ,2023-02-04 01:46:31 ,滋賀県豊島区池之端24丁目1番3号 東大和町シャルム387
     39 ,syamaguchi        ,nsuzuki@ito.com               ,1968-03-18 ,2022-03-17 17:29:01 ,三重県新宿区五味ヶ谷38丁目21番13号 パーク木立213
     40 ,reiendo           ,taichimatsumoto@yoshida.net   ,1965-07-01 ,2022-12-02 11:30:04 ,富山県東久留米市平河町41丁目9番17号
     41 ,moriyui           ,kyosukenakagawa@nishimura.com ,1968-12-05 ,2022-09-15 04:39:39 ,沖縄県杉並区千束18丁目6番10号 上野公園シャルム934
     42 ,nanamitanaka      ,yoshidachiyo@yahoo.com        ,1982-09-10 ,2023-07-25 16:54:24 ,大分県東村山市南郷屋27丁目9番20号 コーポ白金048
     43 ,taro49            ,minoru88@yahoo.com            ,1995-03-20 ,2023-09-30 23:35:41 ,山形県青ヶ島村押上10丁目23番8号 無栗屋コート317
     44 ,ssato             ,sasakishohei@takahashi.org    ,1993-12-13 ,2022-06-06 22:06:48 ,鳥取県目黒区台場20丁目17番2号 パレス手岡124
     45 ,aokinaoto         ,amatsuda@sato.jp              ,1988-11-16 ,2022-07-13 09:05:43 ,熊本県長生郡長生村麹町8丁目3番12号
     46 ,wmatsumoto        ,maaya60@yamada.jp             ,2002-07-30 ,2022-03-21 18:39:58 ,鹿児島県鎌ケ谷市港南34丁目22番5号
     47 ,akira54           ,shotawatanabe@hotmail.com     ,1988-08-15 ,2022-04-03 00:36:58 ,鳥取県千代田区独鈷沢8丁目18番8号 シティ虎ノ門651
     48 ,sayuri38          ,yoichisasaki@gmail.com        ,1984-10-27 ,2023-10-06 03:23:50 ,石川県川崎市高津区上野桜木16丁目10番10号 コーポ西小来川292
     49 ,naoko34           ,ohayashi@nakamura.com         ,2001-12-03 ,2023-02-04 23:22:48 ,沖縄県印旛郡酒々井町箪笥町36丁目7番15号 シティ鍛冶ケ沢594
     50 ,jaoki             ,iyamamoto@okamoto.com         ,2005-02-12 ,2022-02-24 00:42:49 ,鳥取県長生郡睦沢町東和町40丁目14番3号 蔵前クレスト175
     51 ,oabe              ,shimizukana@hotmail.com       ,1987-05-25 ,2022-11-25 12:09:40 ,岩手県白井市手岡9丁目27番19号 東大和町シティ424
     52 ,csasaki           ,satomi55@hotmail.com          ,1963-09-08 ,2022-10-13 22:12:26 ,熊本県三鷹市上野公園21丁目16番3号
     53 ,itokyosuke        ,taichi93@hotmail.com          ,2001-10-01 ,2023-10-22 02:38:54 ,大分県杉並区二つ室42丁目20番13号 コート東和町520
     54 ,ikedahanako       ,kenichi99@takahashi.org       ,1994-04-19 ,2023-02-21 04:32:57 ,北海道昭島市美原町11丁目21番1号 下宇和田クレスト525
     55 ,osamukimura       ,ysuzuki@hotmail.com           ,1989-01-20 ,2023-09-13 20:06:19 ,福島県四街道市三筋39丁目17番15号 ハイツ明石町694
     56 ,sakamotojun       ,maiyoshida@gmail.com          ,1995-07-20 ,2023-10-26 08:40:19 ,香川県新宿区鶴ヶ丘20丁目23番2号 パレス二つ室981
     57 ,gsato             ,minoru70@hotmail.com          ,1970-05-01 ,2023-07-03 03:22:18 ,静岡県三鷹市東神田22丁目3番20号 コーポ四区町526
     58 ,shohei76          ,kaori37@kobayashi.net         ,1999-07-18 ,2022-04-23 02:09:21 ,高知県神津島村台東37丁目10番3号 柿木沢新田アーバン303
     59 ,yamashitasatomi   ,ishikawaakemi@kimura.com      ,2001-06-25 ,2023-08-27 02:52:34 ,島根県神津島村箭坪38丁目11番18号
     60 ,watanabetomoya    ,nakajimakyosuke@tanaka.jp     ,1963-10-16 ,2022-04-14 21:28:38 ,福島県山武市美原町2丁目25番19号 クレスト九段南939
     61 ,takahashikenichi  ,xsuzuki@maeda.com             ,1987-11-29 ,2023-03-18 01:41:21 ,秋田県西多摩郡日の出町西関宿10丁目6番10号 コート四番町056
     62 ,hiroshi77         ,isuzuki@hotmail.com           ,1960-10-05 ,2022-06-13 02:05:47 ,広島県西多摩郡檜原村無栗屋6丁目14番12号
     63 ,endoakemi         ,snakagawa@hotmail.com         ,1955-06-11 ,2023-06-22 18:03:15 ,京都府練馬区下宇和田20丁目16番17号 シャルム月島630
     64 ,momoko82          ,snakamura@gmail.com           ,1973-01-30 ,2022-07-16 11:34:39 ,大阪府品川区六番町30丁目16番8号
     65 ,stanaka           ,snakamura@matsumoto.com       ,1971-10-17 ,2023-10-03 20:53:54 ,香川県横浜市鶴見区脚折11丁目11番8号
     66 ,vnishimura        ,yamamotoatsushi@gmail.com     ,1993-02-18 ,2022-01-04 14:07:01 ,鳥取県台東区西小来川41丁目13番1号 パレス西小来川145
     67 ,hasegawamikako    ,naoki62@kobayashi.com         ,2005-07-14 ,2022-07-09 06:18:20 ,熊本県袖ケ浦市六番町29丁目17番3号 シャルム戸島366
     68 ,shota59           ,hanako78@hotmail.com          ,1996-08-01 ,2022-06-14 04:42:00 ,青森県荒川区松石30丁目12番13号 クレスト中川崎045
     69 ,taroyamazaki      ,eyamamoto@yoshida.jp          ,1985-06-30 ,2022-01-21 00:19:55 ,福井県御蔵島村幸手1丁目2番10号 コーポ皇居外苑828
     70 ,nyamaguchi        ,akemimurakami@matsuda.com     ,1968-12-05 ,2023-08-19 08:16:34 ,岩手県国立市筑土八幡町36丁目3番11号 シティ東三島229
     71 ,katoryosuke       ,takahashiryohei@ito.org       ,1954-08-05 ,2023-09-28 16:25:38 ,熊本県文京区明石町20丁目17番20号 アーバン一ツ橋218
     72 ,morimanabu        ,jyoshida@takahashi.org        ,1965-01-01 ,2023-08-18 10:49:51 ,大阪府練馬区戸塚町5丁目4番10号
     73 ,yokosato          ,taichi09@yamashita.com        ,1983-08-28 ,2022-05-19 09:09:09 ,富山県武蔵村山市蟇沼28丁目17番1号 パーク丹勢537
     74 ,miki66            ,ikedayui@hotmail.com          ,1970-09-20 ,2023-06-11 06:13:03 ,北海道国分寺市浅草16丁目23番20号 シャルム中川崎473
     75 ,satominoru        ,tanakayosuke@sasaki.com       ,1999-12-17 ,2021-12-23 07:00:51 ,群馬県山武市京橋40丁目21番3号 美原町パーク118
     76 ,maiendo           ,osamuwatanabe@yahoo.com       ,1958-10-29 ,2022-11-05 08:41:38 ,愛媛県三鷹市所野27丁目21番6号 アーバン東神田518
     77 ,tanakaasuka       ,takahashimanabu@hotmail.com   ,1990-11-24 ,2022-09-21 09:09:16 ,大分県長生郡長柄町無栗屋24丁目1番15号 コート松石415
     78 ,esato             ,akiraikeda@yahoo.com          ,1984-02-11 ,2022-12-18 14:47:11 ,熊本県羽村市花島12丁目19番19号 パレス湯宮153
     79 ,taro15            ,asukahayashi@shimizu.com      ,1970-11-29 ,2022-12-04 04:22:05 ,高知県足立区高田馬場12丁目14番20号 白金台アーバン189
     80 ,maisato           ,miturusasaki@gmail.com        ,1954-01-04 ,2022-08-20 08:24:37 ,神奈川県鴨川市虎ノ門虎ノ門ヒルズ森タワー36丁目18番1号 所野コート308
     81 ,ssasaki           ,sasakirika@miura.com          ,1964-05-23 ,2022-03-18 10:18:53 ,広島県横浜市保土ケ谷区池之端20丁目27番2号 シティ四番町646
     82 ,eito              ,kumiko66@tanaka.com           ,1958-11-18 ,2023-04-19 01:52:28 ,宮城県横浜市緑区日本堤14丁目20番18号
     83 ,shota93           ,qsuzuki@fujiwara.org          ,1967-05-30 ,2022-03-17 03:10:42 ,大阪府横浜市神奈川区橋場2丁目25番6号
     84 ,vwatanabe         ,lhayashi@yahoo.com            ,1963-01-03 ,2023-03-17 17:39:04 ,静岡県香取郡神崎町西小来川23丁目27番19号 シャルム脚折町263
     85 ,miki82            ,kaorinakamura@watanabe.jp     ,1980-01-26 ,2023-05-09 06:45:10 ,山口県西多摩郡檜原村皇居外苑31丁目6番15号 パーク上野桜木392
     86 ,gotoakira         ,hidekiinoue@gmail.com         ,1971-09-20 ,2022-01-10 04:25:27 ,埼玉県印旛郡酒々井町虎ノ門24丁目16番3号 筑土八幡町アーバン496
     87 ,ihayashi          ,minorufujita@yahoo.com        ,2003-03-05 ,2022-09-25 06:37:23 ,香川県小平市三ノ輪29丁目11番18号
     88 ,hideki11          ,shohei45@ishii.jp             ,2000-06-04 ,2022-05-06 06:29:32 ,和歌山県横浜市都筑区脚折16丁目27番13号
     89 ,kanatakahashi     ,reiito@gmail.com              ,1999-01-03 ,2022-09-16 05:57:20 ,山口県三宅島三宅村鍛冶ケ沢31丁目13番2号
     90 ,satonaoki         ,reiinoue@matsumoto.com        ,1958-06-20 ,2022-05-06 07:27:56 ,沖縄県西多摩郡日の出町神明内10丁目9番11号 コーポ東三島103
     91 ,haruka34          ,yokowatanabe@yahoo.com        ,1970-03-10 ,2022-05-25 16:26:56 ,愛媛県三鷹市台東7丁目1番19号
     92 ,hanako81          ,saitokumiko@hotmail.com       ,1978-06-13 ,2023-05-10 18:13:47 ,新潟県中央区氏家新田32丁目5番1号 アーバン天神島625
     93 ,suzukiyoko        ,sayuri64@ota.com              ,2000-08-27 ,2023-04-10 19:23:15 ,和歌山県袖ケ浦市百村37丁目4番1号 中鉢石町シャルム473
     94 ,ogawataro         ,yyamada@yamada.com            ,1992-04-24 ,2022-10-31 16:20:53 ,石川県四街道市鍛冶ケ沢15丁目10番19号 西神田シャルム716
     95 ,kenichi40         ,nanami06@ishikawa.jp          ,1967-04-04 ,2022-09-20 02:12:15 ,宮崎県長生郡白子町土沢5丁目23番12号 西川シャルム011
     96 ,mai80             ,whasegawa@watanabe.net        ,1953-09-21 ,2022-12-14 01:48:54 ,北海道横浜市泉区北青山37丁目27番2号 東大和町シティ829
     97 ,ryoheiyoshida     ,wsakamoto@matsuda.org         ,1981-08-31 ,2023-01-30 21:34:40 ,熊本県八王子市東神田35丁目16番11号 シャルム土呂部857
     98 ,matsumotomai      ,gota@ito.jp                   ,1988-05-01 ,2022-07-03 19:01:31 ,和歌山県清瀬市外神田7丁目24番7号 シャルム美原町342
     99 ,kondokazuya       ,kyosuke89@ito.jp              ,1978-11-15 ,2023-06-25 23:31:01 ,富山県日野市台場4丁目1番1号 パーク丹勢806
    100 ,naokiishikawa     ,suzukimituru@nakamura.org     ,1959-01-22 ,2022-10-10 19:39:12 ,青森県稲城市長間27丁目11番11号
    101 ,tsubasa93         ,ogawasatomi@hotmail.com       ,1998-10-08 ,2023-03-11 06:37:07 ,長野県横浜市磯子区上野公園5丁目16番11号 アーバン月島031
    102 ,hasegawamituru    ,yokosaito@takahashi.net       ,1977-01-18 ,2022-04-12 04:32:21 ,宮崎県東大和市前弥六24丁目26番19号 パーク豊町356
    103 ,kenichiota        ,akira29@yahoo.com             ,1965-09-12 ,2022-01-29 06:21:01 ,神奈川県東久留米市土呂部16丁目15番6号 パレス松が谷508
    104 ,yuifujii          ,sasakimituru@gmail.com        ,1997-07-24 ,2022-09-14 14:22:03 ,青森県三鷹市雷門1丁目12番10号 アーバン氏家新田924
    105 ,taichi26          ,katotaro@yahoo.com            ,1983-08-24 ,2023-02-18 23:00:52 ,岐阜県世田谷区三筋16丁目2番13号
    106 ,miki57            ,sayuri47@kimura.org           ,1970-10-08 ,2022-09-06 02:03:11 ,岐阜県横浜市西区独鈷沢32丁目27番15号
    107 ,kaori32           ,uyamaguchi@yahoo.com          ,1975-06-30 ,2023-07-20 08:41:18 ,青森県浦安市外国府間30丁目27番13号
    108 ,gsaito            ,naoto12@suzuki.com            ,1978-09-04 ,2022-11-08 07:48:56 ,東京都香取市中鉢石町24丁目18番1号 ハイツ東和町191
    109 ,nokamoto          ,dinoue@inoue.org              ,1955-08-13 ,2022-01-08 08:10:49 ,青森県葛飾区丸の内32丁目17番10号 パレス上広谷537
    110 ,fsato             ,suzukichiyo@kimura.net        ,1997-07-10 ,2023-02-18 22:55:03 ,岐阜県鴨川市南郷屋16丁目26番3号
    111 ,yoichi28          ,xyoshida@gmail.com            ,1954-07-28 ,2023-05-31 06:09:13 ,岩手県富津市蟇沼36丁目8番4号 コーポ氏家876
    112 ,ttakahashi        ,yamaguchimikako@tanaka.com    ,1990-10-19 ,2023-11-30 23:41:45 ,徳島県夷隅郡大多喜町丸の内ＪＰタワー4丁目17番17号 入谷アーバン523
    113 ,ishikawanaoko     ,kyamaguchi@endo.jp            ,1974-10-11 ,2023-09-21 19:16:36 ,香川県西東京市氏家5丁目21番3号
    114 ,xnakamura         ,yuiito@yahoo.com              ,1956-11-03 ,2023-06-03 14:27:06 ,滋賀県八千代市前弥六南町38丁目6番14号 シティ押上329
    115 ,takahashiryosuke  ,suzukiyoko@yahoo.com          ,1985-07-29 ,2023-04-23 03:38:35 ,岡山県南房総市轟28丁目5番6号 アーバン白金932
    116 ,uyamamoto         ,hsaito@maeda.net              ,1957-03-29 ,2023-08-05 13:11:55 ,埼玉県浦安市芝大門32丁目10番8号 コーポ脚折184
    117 ,fsasaki           ,kimurasayuri@fujita.com       ,1982-06-17 ,2023-05-10 00:53:26 ,徳島県御蔵島村鍛冶ケ沢33丁目7番1号 パレス長間696
    118 ,takumaota         ,kobayashiyoichi@endo.com      ,1954-07-02 ,2022-01-03 21:50:26 ,鹿児島県鴨川市高輪35丁目25番18号
    119 ,hayashiharuka     ,sotaroyamaguchi@gmail.com     ,1954-06-01 ,2023-11-17 01:47:06 ,新潟県山武郡横芝光町一ツ橋20丁目10番20号
    120 ,inoueakira        ,momoko93@kobayashi.com        ,1965-10-10 ,2022-07-08 18:18:34 ,埼玉県夷隅郡大多喜町脚折15丁目11番20号 西浅草クレスト703
    121 ,jfujita           ,sayuri72@sato.jp              ,2001-09-23 ,2023-04-01 14:24:22 ,山梨県調布市大中18丁目6番11号 コート丸の内ＪＰタワー134
    122 ,takuma78          ,nakamurahideki@kobayashi.net  ,1961-05-15 ,2022-01-01 12:04:34 ,高知県大島町氏家7丁目17番3号 シャルム元浅草114
    123 ,manabumatsumoto   ,momoko12@fujii.jp             ,1969-10-20 ,2023-08-15 10:45:07 ,福岡県墨田区轟22丁目15番8号
    124 ,pfukuda           ,kaoritanaka@gmail.com         ,1954-08-30 ,2023-05-15 09:50:21 ,富山県四街道市西関宿30丁目25番10号 シャルム鍛冶ケ沢546
    125 ,asato             ,qkondo@sato.com               ,1997-01-21 ,2023-02-05 03:28:38 ,埼玉県中央区湯宮38丁目3番14号
    126 ,yhasegawa         ,saitotomoya@ishikawa.com      ,1956-03-13 ,2023-11-25 18:56:19 ,三重県三宅島三宅村上野桜木6丁目24番13号 パレス白金781
    127 ,bmori             ,kobayashiyoichi@hotmail.com   ,2001-11-28 ,2023-03-18 21:21:51 ,大阪府君津市南郷屋11丁目14番3号 ハイツ池之端695
    128 ,katotakuma        ,hidekiogawa@yamaguchi.com     ,1953-09-26 ,2022-01-23 06:53:25 ,青森県鎌ケ谷市筑土八幡町25丁目15番14号 白金パーク244
    129 ,hiroshiinoue      ,hfujiwara@suzuki.net          ,1996-01-01 ,2022-01-07 18:34:29 ,宮崎県港区西川26丁目10番10号
    130 ,bwatanabe         ,kumikosato@yoshida.jp         ,1988-05-19 ,2022-08-19 12:37:36 ,大分県大田区土沢33丁目2番9号 高田馬場パレス205
    131 ,satomi84          ,tarokato@nakajima.com         ,1987-04-05 ,2023-01-11 08:20:02 ,北海道東村山市池之端11丁目5番5号
    132 ,aaoki             ,hanakotakahashi@yahoo.com     ,2004-12-28 ,2022-02-01 19:33:00 ,宮崎県印旛郡印旛村百村4丁目6番14号
    133 ,vmatsumoto        ,osasaki@gmail.com             ,2005-04-11 ,2021-12-19 15:36:58 ,奈良県印旛郡印旛村白金台25丁目7番15号 一ツ橋シティ980
    134 ,ymurakami         ,sayuri16@hotmail.com          ,1953-08-11 ,2021-12-15 05:15:42 ,群馬県白井市二つ室28丁目2番18号 下吉羽コート357
    135 ,vkobayashi        ,kazuya31@hotmail.com          ,1964-09-01 ,2022-10-04 04:25:01 ,鳥取県香取郡神崎町土呂部7丁目6番9号 西浅草パーク234
    136 ,watanabeyuki      ,shoheiyoshida@gmail.com       ,1967-07-27 ,2022-05-04 09:28:46 ,福島県江戸川区月島25丁目17番20号 長畑クレスト115
    137 ,akemi64           ,yasuhiroshimizu@gmail.com     ,1969-03-17 ,2022-02-25 02:51:42 ,三重県東村山市外国府間13丁目22番18号
    138 ,minorutakahashi   ,osamukato@yamashita.com       ,1955-03-11 ,2022-10-21 23:34:59 ,福島県新島村台場16丁目23番11号
    139 ,syamaguchi        ,ryosukeyamamoto@hotmail.com   ,1968-06-10 ,2021-12-31 10:54:27 ,宮城県横浜市泉区戸島3丁目22番18号 中宮祠パーク019
    140 ,rendo             ,ryosukeyamaguchi@ogawa.com    ,1972-07-04 ,2023-07-29 13:44:45 ,福岡県夷隅郡大多喜町上高野1丁目19番20号 花川戸ハイツ687
    141 ,chiyokondo        ,satotaro@okamoto.jp           ,1971-12-06 ,2023-01-28 17:01:41 ,滋賀県香取郡神崎町東和町34丁目24番5号
    142 ,smiura            ,haruka17@hotmail.com          ,1984-01-17 ,2023-11-08 01:44:35 ,福井県長生郡長柄町四番町17丁目2番12号 明石町シャルム843
    143 ,efujiwara         ,tanakaosamu@gmail.com         ,1982-05-15 ,2022-07-13 10:55:44 ,高知県台東区芝大門6丁目3番12号 台東シャルム748
    144 ,yokookamoto       ,minorusato@hasegawa.com       ,1959-09-12 ,2023-02-10 13:19:57 ,青森県葛飾区松石42丁目16番15号 シティ柿木沢新田344
    145 ,yamadahiroshi     ,zsuzuki@yahoo.com             ,1958-12-09 ,2022-12-03 14:29:20 ,岡山県武蔵野市方京38丁目2番19号
    146 ,mituru78          ,kaori25@hotmail.com           ,1985-01-12 ,2023-04-12 09:05:06 ,宮崎県日野市西浅草41丁目9番6号
    147 ,momokonakajima    ,isasaki@gmail.com             ,1975-02-22 ,2023-11-16 11:02:11 ,神奈川県西多摩郡檜原村丹勢13丁目25番18号 ハイツ所野987
    148 ,kimurakazuya      ,lshimizu@ogawa.jp             ,1992-09-23 ,2022-03-09 12:24:59 ,佐賀県横浜市泉区上広谷24丁目23番1号 九段南シャルム469
    149 ,okadananami       ,yamamototakuma@hotmail.com    ,1953-07-27 ,2022-06-04 05:54:18 ,新潟県横浜市泉区六番町20丁目27番14号
    150 ,katomituru        ,chiyosato@gmail.com           ,1975-12-13 ,2022-09-12 07:40:06 ,福島県横浜市磯子区橋場33丁目4番17号
    151 ,tanakashota       ,kanakobayashi@yamazaki.net    ,1962-04-19 ,2023-03-23 00:04:46 ,山梨県多摩市太田ヶ谷38丁目16番18号 美原町ハイツ522
    152 ,umaeda            ,ryohei19@murakami.jp          ,1979-11-18 ,2022-08-08 20:18:44 ,栃木県川崎市幸区平須賀25丁目1番3号 コート独鈷沢170
    153 ,ekimura           ,yoichi28@kondo.org            ,1981-01-08 ,2022-02-01 00:31:39 ,埼玉県横浜市緑区西神田12丁目24番11号
    154 ,gyamada           ,takahashimikako@suzuki.jp     ,1960-05-18 ,2023-09-01 22:45:22 ,茨城県三鷹市猿楽町14丁目20番12号
    155 ,minoru53          ,haruka49@matsumoto.com        ,1987-05-05 ,2022-12-18 20:24:30 ,岡山県西東京市柿木沢新田41丁目11番12号 コート藤金610
    156 ,kumiko82          ,qsuzuki@yahoo.com             ,1989-04-05 ,2023-03-14 21:43:29 ,山梨県府中市橋場22丁目1番7号 アーバン氏家051
    157 ,akemi58           ,miturutanaka@kimura.net       ,1958-08-06 ,2022-06-17 08:01:25 ,兵庫県西多摩郡奥多摩町湯宮4丁目22番15号
    158 ,naokotanaka       ,maayaito@yahoo.com            ,1989-05-22 ,2022-05-26 01:51:01 ,和歌山県横浜市旭区隼町14丁目22番5号 コーポ長間457
    159 ,mai41             ,itokyosuke@saito.jp           ,1978-02-15 ,2022-09-01 04:46:08 ,宮崎県川崎市高津区長間6丁目13番12号 コーポ外国府間302
    160 ,chiyomurakami     ,taro42@yamaguchi.net          ,1990-03-31 ,2023-05-16 21:03:47 ,福岡県横浜市保土ケ谷区神明内24丁目2番12号 コート竜泉263
    161 ,hiroshi11         ,nakajimarika@hotmail.com      ,1975-05-16 ,2023-12-04 10:12:16 ,大分県八千代市轟30丁目2番16号 パレス鶴ヶ丘253
    162 ,yoshidakyosuke    ,sayuri43@goto.com             ,1989-09-26 ,2022-04-14 16:56:32 ,佐賀県山武郡横芝光町中三依27丁目4番1号 中三依アーバン258
    163 ,ryosukeito        ,akemi90@sasaki.net            ,1995-04-02 ,2022-10-18 08:55:47 ,山形県横浜市泉区前弥六南町35丁目26番9号 長畑パレス208
    164 ,fnakamura         ,akemiyoshida@gmail.com        ,1962-05-07 ,2023-05-20 04:24:52 ,静岡県印旛郡酒々井町下宇和田31丁目3番12号 パレス戸山977
    165 ,harukakobayashi   ,osamunakamura@takahashi.com   ,1958-11-21 ,2022-04-16 15:51:41 ,青森県八王子市上吉羽39丁目26番18号 クレスト台場483
    166 ,vsuzuki           ,emurakami@matsumoto.com       ,1988-08-28 ,2023-01-09 10:59:24 ,茨城県印旛郡栄町千塚32丁目12番20号 虎ノ門虎ノ門ヒルズ森タワーハイツ228
    167 ,lito              ,eaoki@murakami.org            ,1967-11-22 ,2021-12-13 11:25:45 ,石川県富里市山中新田41丁目5番6号 二つ室シャルム440
    168 ,gtanaka           ,lito@suzuki.com               ,1976-04-17 ,2022-03-04 00:14:28 ,山口県神津島村芝公園18丁目6番3号 池之端シティ800
    169 ,takumainoue       ,akemi31@takahashi.net         ,1985-01-27 ,2022-05-12 18:03:22 ,茨城県神津島村細竹5丁目2番6号 日本堤アーバン391
    170 ,suzukimanabu      ,shoheimori@hotmail.com        ,1976-12-31 ,2023-02-07 23:57:21 ,愛知県大田区元浅草25丁目1番3号 コーポ芝公園277
    171 ,fujitasotaro      ,maaya34@yamashita.com         ,1968-01-27 ,2023-10-21 15:40:08 ,長野県東大和市花川戸2丁目21番16号
    172 ,naoki90           ,otanaka@nakamura.com          ,1976-05-12 ,2023-04-18 04:22:35 ,愛媛県板橋区日光16丁目12番3号 柿木沢ハイツ053
    173 ,mikako30          ,akemi84@yahoo.com             ,1955-02-27 ,2023-05-04 09:01:34 ,岩手県小金井市上高野18丁目23番9号 パーク平河町305
    174 ,momokokimura      ,yoshidaharuka@yahoo.com       ,1966-11-27 ,2023-04-26 00:17:27 ,千葉県八街市太田ヶ谷9丁目18番7号
    175 ,ytakahashi        ,akemi26@yahoo.com             ,1955-06-04 ,2022-02-21 02:51:43 ,岩手県長生郡睦沢町湯本塩原33丁目16番15号 中川崎シティ863
    176 ,kaori52           ,qfujiwara@murakami.com        ,1968-08-26 ,2023-10-30 17:16:02 ,福井県調布市方京19丁目19番18号 ハイツ上広谷774
    177 ,bnishimura        ,sakamotoyui@ito.jp            ,1967-02-11 ,2023-11-12 04:30:36 ,宮城県横浜市港南区中鉢石町22丁目12番5号 松石コーポ447
    178 ,mai66             ,kumikokobayashi@hotmail.com   ,1957-10-02 ,2022-03-11 05:58:05 ,鹿児島県青ヶ島村上吉羽32丁目18番15号 東大和町ハイツ518
    179 ,hidekiabe         ,akira03@yahoo.com             ,2004-03-19 ,2022-04-09 04:36:52 ,神奈川県武蔵村山市南郷屋29丁目24番15号 コーポ方京794
    180 ,mikako99          ,shimizuyosuke@hotmail.com     ,2000-10-02 ,2022-03-09 22:21:35 ,福島県南房総市三筋2丁目12番14号
    181 ,kazuyayoshida     ,yosuke51@hotmail.com          ,1980-07-23 ,2022-07-16 16:33:24 ,鳥取県東村山市一ツ橋37丁目25番16号 橋場パーク654
    182 ,hasegawamikako    ,sotaroyamada@hotmail.com      ,1989-01-01 ,2022-02-22 10:01:22 ,福井県山武郡九十九里町前弥六21丁目2番15号 クレスト上吉羽885
    183 ,rei37             ,tmatsumoto@sakamoto.org       ,1965-01-05 ,2023-01-15 14:20:52 ,福井県長生郡長柄町柿木沢新田6丁目18番9号
    184 ,fujiwaranaoko     ,kenichiito@gmail.com          ,2005-05-17 ,2023-04-11 03:35:28 ,愛知県足立区丸の内13丁目19番4号
    185 ,mikako60          ,maayamaeda@hotmail.com        ,1984-08-04 ,2023-03-22 21:36:26 ,兵庫県御蔵島村四番町28丁目5番6号 京橋シティ303
    186 ,takahashijun      ,shimizumiki@miura.jp          ,2005-04-02 ,2023-08-06 07:45:36 ,富山県東大和市東大和町15丁目23番4号
    187 ,rikasuzuki        ,shimizuyuta@gmail.com         ,1970-04-15 ,2022-07-09 06:41:13 ,兵庫県小金井市美原町26丁目22番4号 パーク無栗屋576
    188 ,taro49            ,oyamaguchi@suzuki.jp          ,2004-03-22 ,2023-08-10 22:42:54 ,長崎県横浜市神奈川区丸の内31丁目23番16号 シティ東上野376
    189 ,momoko95          ,yasuhironakagawa@ito.com      ,1992-12-12 ,2023-05-19 14:41:17 ,新潟県北区芝浦10丁目2番11号 小入シティ554
    190 ,naotosuzuki       ,kondoyuta@nakamura.com        ,1983-03-05 ,2021-12-15 01:07:00 ,高知県日野市上野公園22丁目24番18号
    191 ,ryosuketakahashi  ,yoichi52@hotmail.com          ,1961-02-12 ,2022-08-04 17:05:25 ,東京都西多摩郡奥多摩町箭坪13丁目26番4号 幸手パレス848
    192 ,vfukuda           ,suzukiakira@yahoo.com         ,1984-11-05 ,2023-10-18 19:04:37 ,埼玉県横浜市磯子区箭坪19丁目7番14号 戸山コート086
    193 ,syamamoto         ,satomi16@takahashi.com        ,1959-08-21 ,2023-06-24 20:36:44 ,秋田県横浜市西区西浅草17丁目9番1号 九段南コート452
    194 ,satotaichi        ,atsushinakajima@yahoo.com     ,1994-10-17 ,2023-09-05 11:25:19 ,大阪府長生郡白子町東和町2丁目10番6号 蔵前クレスト547
    195 ,okadakenichi      ,maedahideki@yahoo.com         ,2004-05-02 ,2022-05-19 07:58:00 ,長崎県匝瑳市入谷24丁目13番17号
    196 ,yoko27            ,kondokana@takahashi.com       ,1976-08-12 ,2022-06-03 17:15:57 ,熊本県東久留米市津久戸町24丁目17番18号 小入アーバン499
    197 ,shoheiaoki        ,gmatsumoto@gmail.com          ,1997-01-23 ,2022-04-21 04:28:17 ,福岡県青ヶ島村日比谷公園17丁目14番20号 四区町パーク518
    198 ,msato             ,dinoue@yahoo.com              ,1995-02-10 ,2023-11-13 12:11:12 ,福井県川崎市川崎区天神島14丁目13番8号 パレス四番町853
    199 ,tanakananami      ,matsumotoyui@sato.com         ,1983-04-23 ,2022-03-08 14:44:47 ,島根県東村山市大京町38丁目15番11号 浅草橋シティ838
    200 ,taichisuzuki      ,sasakimai@nakagawa.com        ,2005-03-07 ,2023-10-30 00:14:39 ,福井県神津島村秋葉原35丁目8番17号 皇居外苑シャルム265
    201 ,osamu86           ,ryohei26@yamamoto.com         ,1969-08-22 ,2023-02-24 03:32:51 ,広島県稲城市上高野30丁目24番15号 独鈷沢ハイツ127
    202 ,akira93           ,fukudarei@gmail.com           ,1956-06-01 ,2022-04-01 19:29:17 ,埼玉県日野市前弥六9丁目4番10号
    203 ,shota24           ,hanako49@yamamoto.com         ,1963-01-30 ,2023-06-18 17:29:26 ,長野県匝瑳市押上33丁目18番12号 クレスト一ツ橋738
    204 ,satoyui           ,nanamisakamoto@saito.jp       ,1998-01-05 ,2022-06-12 01:59:20 ,茨城県いすみ市丸の内14丁目15番20号 シャルム蔵前751
    205 ,murakamishota     ,ryoheisuzuki@gmail.com        ,1983-09-25 ,2023-05-04 15:29:15 ,熊本県青ヶ島村権現堂40丁目14番2号 西関宿コーポ521
    206 ,shohei52          ,kaori37@hotmail.com           ,1972-03-06 ,2022-10-25 02:13:17 ,島根県我孫子市勝どき31丁目26番18号
    207 ,yasuhiroishikawa  ,suzukikyosuke@yahoo.com       ,1953-07-28 ,2022-10-16 03:14:06 ,徳島県国分寺市西浅草3丁目13番18号
    208 ,sotaroito         ,yosuke46@hotmail.com          ,1985-09-18 ,2022-04-04 02:58:58 ,愛知県三鷹市北青山18丁目11番18号 コート筑土八幡町330
    209 ,katokazuya        ,cyoshida@hotmail.com          ,1959-06-09 ,2023-06-07 07:23:25 ,石川県東大和市北青山14丁目8番5号
    210 ,gsato             ,gkobayashi@yahoo.com          ,1974-01-01 ,2022-01-22 01:35:10 ,香川県白井市虎ノ門35丁目10番12号 百村パレス357
    211 ,sotaro76          ,mikinakamura@kimura.jp        ,2003-11-12 ,2022-11-07 20:07:15 ,富山県杉並区土呂部11丁目22番13号
    212 ,tomoyafujii       ,znakamura@tanaka.jp           ,1954-08-24 ,2022-12-28 11:25:30 ,大分県三宅島三宅村蔵前37丁目23番6号 四番町アーバン708
    213 ,nanamimurakami    ,yumikonakagawa@gmail.com      ,1971-05-10 ,2022-07-28 06:03:44 ,島根県三鷹市長間10丁目24番20号 クレスト睦952
    214 ,shota69           ,nakamurataichi@abe.jp         ,1964-08-27 ,2023-02-25 04:28:03 ,三重県荒川区松が谷27丁目27番5号
    215 ,atsushi40         ,taroinoue@hotmail.com         ,1974-06-03 ,2021-12-28 09:09:10 ,岐阜県豊島区日光2丁目27番8号
    216 ,iogawa            ,yutafujii@tanaka.net          ,1963-06-10 ,2022-02-17 04:15:50 ,宮崎県墨田区中鉢石町36丁目3番15号 クレスト細野944
    217 ,taichimurakami    ,akemi73@yahoo.com             ,1985-01-20 ,2022-06-13 21:58:05 ,大阪府夷隅郡御宿町神明内20丁目21番11号
    218 ,yamazakihiroshi   ,kenichiota@hotmail.com        ,1982-12-03 ,2022-04-23 15:03:30 ,熊本県江戸川区幸手41丁目15番1号 コーポ芝大門855
    219 ,chiyomatsumoto    ,nanamiito@yahoo.com           ,2000-07-02 ,2023-01-16 22:58:09 ,愛媛県横浜市泉区土沢1丁目4番13号
    220 ,yuki14            ,chiyoyamazaki@kobayashi.org   ,1963-12-09 ,2022-02-02 07:59:35 ,沖縄県多摩市木立17丁目10番16号 土沢コート723
    221 ,shota20           ,naotohashimoto@suzuki.com     ,1998-01-13 ,2022-08-26 06:48:59 ,埼玉県横浜市都筑区京橋7丁目25番7号 パレス台東213
    222 ,matsudanaoki      ,yukiinoue@yahoo.com           ,1990-05-22 ,2023-12-01 14:49:33 ,大分県香取郡東庄町油井4丁目24番20号 アーバン前弥六南町842
    223 ,kobayashiyoichi   ,morikumiko@hotmail.com        ,1962-03-23 ,2022-09-04 17:57:00 ,岐阜県小金井市松石19丁目17番19号 クレスト天神島236
    224 ,jtakahashi        ,nakamurayumiko@sato.com       ,1972-09-12 ,2022-10-16 14:03:58 ,兵庫県稲城市睦19丁目2番7号 シャルム富久町182
    225 ,ptanaka           ,byamada@inoue.jp              ,1954-09-20 ,2021-12-26 17:33:09 ,岩手県大島町丸の内ＪＰタワー27丁目9番19号
    226 ,yokokobayashi     ,btanaka@gmail.com             ,1964-03-04 ,2022-04-27 19:38:02 ,宮崎県八王子市下吉羽16丁目25番20号 渡辺ハイツ012
    227 ,khashimoto        ,gsato@yamashita.com           ,1992-01-16 ,2022-09-08 08:40:56 ,栃木県港区虎ノ門34丁目1番2号 脚折パレス029
    228 ,akira97           ,yumiko80@sato.com             ,2003-02-08 ,2023-06-02 09:24:50 ,群馬県山武郡芝山町東浅草22丁目8番3号 脚折アーバン186
    229 ,yosuke55          ,ssuzuki@kato.com              ,1972-02-14 ,2023-04-15 07:25:15 ,北海道安房郡鋸南町橋場32丁目6番12号 京橋コーポ425
    230 ,sasakikyosuke     ,gsuzuki@hotmail.com           ,1964-12-08 ,2021-12-13 08:19:59 ,青森県豊島区西浅草11丁目14番11号 シャルム蟇沼713
    231 ,naoki07           ,miturutakahashi@yamamoto.net  ,2005-07-26 ,2022-04-12 13:19:40 ,宮崎県香取郡多古町蟇沼34丁目8番2号 隼町コート588
    232 ,sayuri09          ,shota77@yahoo.com             ,1976-01-14 ,2022-08-26 21:11:33 ,京都府香取市羽折町38丁目5番16号
    233 ,kimurayuki        ,yamamotochiyo@kondo.com       ,2005-01-02 ,2022-11-18 17:53:00 ,石川県目黒区猿楽町16丁目11番9号 ハイツ睦460
    234 ,rika46            ,ryosuke88@kobayashi.com       ,1977-05-15 ,2023-04-02 02:51:24 ,長野県横浜市中区平須賀2丁目8番12号 日比谷公園ハイツ730
    235 ,qsaito            ,naokoito@hotmail.com          ,1988-03-13 ,2022-02-14 08:47:12 ,福島県匝瑳市無栗屋39丁目10番6号 シティ丹勢278
    236 ,pkondo            ,taichihasegawa@fujita.com     ,1955-01-30 ,2023-02-19 13:06:02 ,静岡県品川区東和町10丁目3番19号 パーク氏家119
    237 ,rei08             ,htanaka@hotmail.com           ,1975-08-04 ,2022-09-18 07:23:32 ,沖縄県調布市花川戸41丁目13番15号 富久町ハイツ760
    238 ,htanaka           ,murakamihanako@mori.com       ,1959-10-12 ,2023-02-22 02:20:24 ,富山県富津市勝どき7丁目8番13号
    239 ,kmatsumoto        ,suzukitaichi@suzuki.net       ,1960-09-24 ,2022-10-04 22:36:11 ,秋田県横浜市旭区港南6丁目9番17号 今戸アーバン748
    240 ,yuikondo          ,hokamoto@hayashi.net          ,1980-03-06 ,2022-08-02 23:36:04 ,鹿児島県御蔵島村柿木沢19丁目21番20号 ハイツ日比谷公園607
    241 ,kimuranaoki       ,naoko58@yahoo.com             ,1991-06-13 ,2022-09-15 13:47:52 ,埼玉県豊島区今戸23丁目11番18号
    242 ,yoichimaeda       ,taichi47@gmail.com            ,1991-08-21 ,2022-02-10 19:21:01 ,沖縄県青ヶ島村丸の内ＪＰタワー32丁目9番1号
    243 ,ryohei36          ,nsuzuki@yahoo.com             ,1980-09-20 ,2022-01-09 18:32:05 ,沖縄県東村山市五味ヶ谷20丁目19番9号
    244 ,shoheimatsuda     ,aokiyuki@gmail.com            ,1966-03-18 ,2023-11-21 01:14:52 ,長野県昭島市東浅草10丁目13番14号
    245 ,ryohei48          ,asukawatanabe@hotmail.com     ,1954-08-07 ,2023-09-30 06:24:14 ,徳島県足立区麹町31丁目3番10号 無栗屋シャルム312
    246 ,osamukimura       ,takahashinaoko@gmail.com      ,1995-11-23 ,2022-12-02 22:22:09 ,沖縄県江東区台場26丁目22番5号
    247 ,fsaito            ,osakamoto@yahoo.com           ,1972-09-06 ,2023-08-13 09:37:51 ,兵庫県長生郡一宮町台場23丁目23番9号
    248 ,yishii            ,yamazakirika@gmail.com        ,1969-11-14 ,2023-01-21 19:34:16 ,愛知県山武市下吉羽34丁目15番20号
    249 ,osamu89           ,akemitakahashi@sato.jp        ,1984-03-18 ,2022-09-08 08:14:48 ,青森県羽村市蟇沼12丁目21番2号 小入パレス461
    250 ,kenichi63         ,atsushi03@watanabe.jp         ,1980-06-04 ,2023-03-02 12:04:46 ,沖縄県夷隅郡御宿町皇居外苑3丁目5番20号
    251 ,naoki01           ,yumiko22@hotmail.com          ,1987-09-25 ,2022-08-20 10:43:44 ,大阪府中央区押上24丁目20番5号 西浅草アーバン482
    252 ,fujitanaoki       ,yuki89@yahoo.com              ,1999-09-09 ,2022-02-07 16:10:30 ,宮崎県国立市土沢31丁目14番19号
    253 ,jun45             ,ngoto@gmail.com               ,1970-08-08 ,2022-08-03 11:54:41 ,広島県横浜市南区押上30丁目18番12号
    254 ,ryosukenakamura   ,naoki93@saito.org             ,1980-02-14 ,2022-11-04 17:25:36 ,茨城県横浜市中区芝浦27丁目12番12号
    255 ,saitonanami       ,mikakosato@gmail.com          ,1987-10-26 ,2022-09-04 18:03:42 ,埼玉県小笠原村南郷屋39丁目20番15号 渡辺シャルム694
    256 ,btanaka           ,watanabeyoko@tanaka.jp        ,1980-08-02 ,2023-09-22 17:36:43 ,千葉県鎌ケ谷市北上野14丁目7番3号 シティ外国府間449
    257 ,kaoriinoue        ,vendo@gmail.com               ,1990-12-25 ,2022-07-13 20:02:20 ,兵庫県世田谷区脚折26丁目15番17号 蔵前シャルム756
    258 ,fyamaguchi        ,tsubasa37@gmail.com           ,1991-01-18 ,2023-07-01 01:06:47 ,福岡県香取郡多古町南郷屋23丁目5番14号 アーバン湯宮840
    259 ,maaya38           ,hayashiryosuke@yamada.jp      ,1992-06-05 ,2022-01-16 01:42:38 ,栃木県渋谷区山中新田30丁目24番6号
    260 ,murakamimai       ,jun55@saito.net               ,1971-01-09 ,2022-01-08 19:02:31 ,高知県町田市松が谷24丁目22番10号 権現堂コーポ756
    261 ,owatanabe         ,hgoto@yahoo.com               ,1990-07-28 ,2023-07-13 18:19:11 ,千葉県長生郡長南町西小来川10丁目27番5号 箪笥町シャルム548
    262 ,mtanaka           ,yoichisuzuki@murakami.jp      ,1974-09-19 ,2023-09-03 22:26:57 ,千葉県港区勝どき37丁目26番11号 長畑アーバン319
    263 ,uyamamoto         ,asukafujiwara@nakajima.com    ,1960-01-17 ,2023-03-27 09:11:13 ,福岡県八丈島八丈町轟4丁目3番2号 シティ上広谷915
    264 ,kumikomatsumoto   ,yokomori@matsumoto.org        ,1989-08-13 ,2022-11-01 02:14:52 ,栃木県千代田区西神田34丁目8番10号
    265 ,shohei59          ,itomai@hotmail.com            ,1981-08-22 ,2023-11-12 15:40:26 ,宮崎県目黒区吾妻橋3丁目16番1号 細竹アーバン236
    266 ,naoki75           ,manabu49@gmail.com            ,1980-07-27 ,2022-06-24 01:11:32 ,神奈川県いすみ市虎ノ門23丁目2番12号 今戸ハイツ292
    267 ,rikakobayashi     ,tanakaakira@sato.com          ,1980-05-22 ,2023-02-27 04:14:52 ,愛知県長生郡長南町箭坪35丁目8番13号 アーバン下宇和田351
    268 ,takuma80          ,itotaichi@takahashi.jp        ,1967-01-24 ,2023-10-16 18:33:47 ,山口県長生郡一宮町虎ノ門虎ノ門ヒルズ森タワー23丁目5番11号
    269 ,takumayamashita   ,hidekimori@gmail.com          ,1968-07-22 ,2023-04-16 11:07:08 ,徳島県港区月島28丁目1番5号
    270 ,dyamamoto         ,yamadahideki@kobayashi.com    ,1992-05-27 ,2023-03-11 01:57:33 ,埼玉県東久留米市橋場41丁目16番19号 アーバン油井548
    271 ,jinoue            ,cwatanabe@hotmail.com         ,1954-08-06 ,2023-04-12 15:00:29 ,静岡県四街道市六番町22丁目4番10号 シャルム太田ヶ谷553
    272 ,watanabesayuri    ,suzukiryohei@yahoo.com        ,1991-06-18 ,2022-09-15 06:55:50 ,滋賀県江東区太田ヶ谷20丁目22番14号 パーク方京336
    273 ,momokonakajima    ,yosuke73@kobayashi.org        ,1978-12-24 ,2023-03-01 22:14:54 ,大阪府横浜市鶴見区東浅草6丁目2番15号
    274 ,chiyoshimizu      ,hidekisuzuki@kimura.org       ,1957-06-19 ,2022-11-15 12:52:09 ,栃木県豊島区明石町3丁目4番1号 コーポ花川戸267
    275 ,watanabehideki    ,kyosuke62@gmail.com           ,1987-01-16 ,2022-02-23 20:02:16 ,沖縄県長生郡長生村四区町27丁目22番1号
    276 ,ltanaka           ,sasakitomoya@hotmail.com      ,1970-06-27 ,2023-08-09 12:11:47 ,大分県東久留米市無栗屋40丁目3番15号 幸手シティ199
    277 ,akemi69           ,manabu57@gmail.com            ,1968-07-01 ,2023-08-15 22:45:29 ,沖縄県国立市細竹29丁目27番7号
    278 ,kumikowatanabe    ,yokokimura@ito.jp             ,1981-02-04 ,2023-05-02 23:43:56 ,山梨県我孫子市西川5丁目9番19号
    279 ,fsato             ,xwatanabe@ishii.jp            ,1967-01-27 ,2023-04-16 11:10:35 ,京都府横浜市戸塚区東三島15丁目16番5号 東大和町ハイツ955
    280 ,tomoya71          ,kyosukeito@takahashi.org      ,1984-07-19 ,2022-12-26 06:08:00 ,静岡県府中市鶴ヶ丘27丁目27番10号 前弥六南町アーバン347
    281 ,csaito            ,aendo@gmail.com               ,2003-03-12 ,2022-08-23 15:51:31 ,鳥取県長生郡白子町鍛冶ケ沢6丁目5番2号 箪笥町クレスト633
    282 ,akemikobayashi    ,satotsubasa@gmail.com         ,1971-02-22 ,2023-03-02 21:09:12 ,長崎県長生郡長南町東浅草17丁目5番19号
    283 ,naokonakamura     ,yutasasaki@hotmail.com        ,1971-12-16 ,2023-03-09 02:58:11 ,三重県夷隅郡御宿町羽折町35丁目23番17号 ハイツ日比谷公園924
    284 ,saitohideki       ,shimizukazuya@gmail.com       ,1969-03-09 ,2022-08-06 11:07:03 ,茨城県川崎市宮前区長間13丁目6番10号 シティ麹町252
    285 ,nanami24          ,hsuzuki@gmail.com             ,1980-06-23 ,2023-05-10 10:52:59 ,千葉県印旛郡酒々井町細竹34丁目8番16号 アーバン西関宿892
    286 ,rika84            ,rika79@sato.jp                ,2003-10-21 ,2022-11-17 16:06:20 ,熊本県渋谷区中鉢石町40丁目12番6号 猿楽町シティ248
    287 ,yuta78            ,yui41@fujii.jp                ,2005-05-29 ,2022-04-02 09:40:00 ,広島県江東区上吉羽13丁目15番18号 麹町コート807
    288 ,yumiko52          ,tsubasa13@goto.com            ,1992-06-07 ,2022-08-04 01:21:10 ,島根県中野区山中新田5丁目26番4号
    289 ,kito              ,kyosuke91@suzuki.com          ,1977-06-05 ,2022-08-04 20:54:38 ,群馬県山武市麹町16丁目7番4号
    290 ,junsato           ,momoko20@gmail.com            ,1999-06-12 ,2023-11-01 00:06:04 ,富山県長生郡一宮町花川戸23丁目10番11号
    291 ,ihayashi          ,tanakayuta@takahashi.jp       ,2000-04-29 ,2023-08-17 21:58:32 ,石川県香取郡神崎町柿木沢新田4丁目18番5号 東大和町コート354
    292 ,taromaeda         ,hidekikato@hotmail.com        ,1960-06-03 ,2023-09-09 02:07:22 ,香川県品川区松が谷26丁目26番12号 コーポ轟328
    293 ,juninoue          ,maayatanaka@hotmail.com       ,1956-11-07 ,2022-04-19 14:42:13 ,岐阜県葛飾区中鉢石町18丁目23番13号 虎ノ門シャルム646
    294 ,tanakaryosuke     ,yamaguchihanako@suzuki.com    ,1955-04-29 ,2023-05-16 13:14:56 ,大分県長生郡睦沢町湯宮23丁目10番8号 藤金パレス664
    295 ,aishii            ,gnakajima@hotmail.com         ,1982-12-07 ,2023-07-17 08:17:51 ,福岡県香取郡多古町上野桜木41丁目26番9号
    296 ,yoshidamiki       ,xyamada@kimura.org            ,1988-12-31 ,2022-07-10 22:56:47 ,鳥取県鴨川市芝公園29丁目17番17号 下宇和田パレス077
    297 ,chiyo07           ,otayoko@murakami.jp           ,1990-01-18 ,2023-02-11 23:41:06 ,宮崎県横浜市南区箭坪28丁目12番3号
    298 ,hanako56          ,bogawa@gmail.com              ,1990-04-21 ,2022-11-06 01:55:55 ,愛媛県三鷹市南赤田1丁目11番20号 パーク太田ヶ谷995
    299 ,fujiiakemi        ,yuki39@gmail.com              ,1973-06-01 ,2022-02-09 07:40:47 ,島根県横浜市港北区下宇和田37丁目10番16号
    300 ,sayuri17          ,kobayashiasuka@goto.org       ,1957-06-12 ,2023-08-02 19:48:29 ,福井県大網白里市大京町10丁目1番14号
    301 ,manabufujiwara    ,taroyamaguchi@nishimura.com   ,1967-07-03 ,2023-06-09 09:59:24 ,愛知県世田谷区四区町40丁目15番10号
    302 ,yamamotoyui       ,hanakokimura@gmail.com        ,1979-07-02 ,2023-07-25 16:00:59 ,兵庫県匝瑳市港南39丁目4番18号
    303 ,mikakotakahashi   ,yutayoshida@yahoo.com         ,1977-01-22 ,2023-07-26 19:37:44 ,神奈川県立川市柿木沢新田15丁目1番6号 クレスト東上野355
    304 ,mikako42          ,itoyui@yamashita.com          ,1966-12-07 ,2022-02-09 08:15:04 ,福井県長生郡長南町中小来川31丁目21番9号 コート台東369
    305 ,ogawashota        ,rika05@yamashita.jp           ,1961-08-15 ,2022-09-28 03:46:20 ,沖縄県八丈島八丈町東大和町20丁目18番6号 シャルム白金889
    306 ,satomi63          ,yosuke22@sato.com             ,2003-11-18 ,2022-03-26 18:15:10 ,山形県御蔵島村東和町13丁目8番8号
    307 ,uyamamoto         ,hanakotakahashi@hotmail.com   ,1983-02-18 ,2022-10-24 07:16:43 ,岩手県足立区平河町42丁目23番16号
    308 ,katohanako        ,hanakoishii@murakami.jp       ,1962-11-16 ,2023-01-02 05:09:28 ,徳島県富里市富久町29丁目16番9号 麹町ハイツ882
    309 ,eota              ,yui58@nakamura.com            ,2001-09-28 ,2023-04-22 11:25:19 ,高知県横浜市旭区東大和町18丁目5番17号
    310 ,yosukeyamada      ,takuma74@nishimura.com        ,1954-07-09 ,2023-10-31 23:27:29 ,沖縄県武蔵村山市台東16丁目4番4号 コーポ脚折242
    311 ,kondoakira        ,kobayashikaori@yamaguchi.org  ,1972-03-09 ,2022-09-12 00:45:12 ,大分県横浜市神奈川区渡辺7丁目20番6号 シャルム外神田467
    312 ,kumiko56          ,maayayamashita@gmail.com      ,1993-05-22 ,2022-10-07 11:11:16 ,沖縄県横浜市栄区京橋20丁目9番12号
    313 ,mikakohashimoto   ,satomimurakami@miura.jp       ,1956-08-03 ,2022-03-14 07:46:21 ,和歌山県多摩市麹町40丁目20番4号 上高野ハイツ272
    314 ,wsasaki           ,atsushi68@hotmail.com         ,1997-04-16 ,2022-04-16 22:39:45 ,広島県印旛郡栄町山中新田16丁目14番9号 クレスト氏家新田308
    315 ,xyamamoto         ,takuma86@hotmail.com          ,1992-12-24 ,2023-07-04 06:14:46 ,兵庫県夷隅郡大多喜町天神島3丁目24番13号
    316 ,gyoshida          ,bsato@shimizu.com             ,1957-11-29 ,2023-03-24 09:24:42 ,山形県横浜市旭区上広谷10丁目18番10号
    317 ,yamaguchiyoichi   ,hanakofukuda@kimura.jp        ,1980-02-09 ,2022-03-25 22:06:24 ,神奈川県荒川区鶴ヶ丘9丁目13番8号 日光クレスト377
    318 ,chiyosaito        ,naoko93@gmail.com             ,1993-05-26 ,2022-06-09 11:01:37 ,奈良県足立区箪笥町11丁目10番11号 コート橋場199
    319 ,takahashiryosuke  ,ryohei98@yamamoto.com         ,2001-01-15 ,2022-08-30 18:08:50 ,香川県調布市北青山9丁目12番11号
    320 ,enakajima         ,itoasuka@suzuki.com           ,1985-04-24 ,2021-12-20 03:02:02 ,鳥取県白井市鶴ヶ丘15丁目13番15号
    321 ,kyosuke83         ,fujiimanabu@yamada.com        ,1973-02-04 ,2022-07-27 06:46:48 ,山梨県川崎市多摩区西関宿25丁目18番18号 蔵前シャルム494
    322 ,gkobayashi        ,eota@watanabe.com             ,1997-05-25 ,2023-07-10 05:16:48 ,兵庫県豊島区柿木沢新田24丁目24番14号
    323 ,hideki48          ,satokenichi@hashimoto.com     ,1965-08-09 ,2022-09-16 01:21:45 ,岐阜県稲城市松が谷33丁目14番11号 戸島クレスト913
    324 ,yamamotoyosuke    ,nakajimayoichi@gmail.com      ,1997-06-07 ,2022-07-10 23:21:04 ,宮城県横浜市都筑区柿木沢38丁目26番13号 クレスト戸島183
    325 ,satoshohei        ,fshimizu@yahoo.com            ,1983-11-10 ,2022-01-13 16:58:13 ,沖縄県練馬区入谷28丁目19番7号 コート芝大門640
    326 ,satomi15          ,ryosuke23@hayashi.jp          ,1981-11-03 ,2023-09-01 06:04:44 ,大阪府あきる野市藤金33丁目17番16号 パーク竜泉510
    327 ,dsuzuki           ,naoto22@yahoo.com             ,1956-12-22 ,2023-02-28 02:01:33 ,香川県新宿区港南17丁目18番6号 コート美原町188
    328 ,nnakamura         ,pokada@nakajima.org           ,1956-12-05 ,2021-12-31 18:41:27 ,岡山県御蔵島村四番町8丁目22番8号 ハイツ東浅草665
    329 ,atsushisaito      ,taichi37@yahoo.com            ,1982-10-15 ,2023-10-22 13:38:03 ,新潟県東大和市中川崎14丁目15番19号 二つ室アーバン835
    330 ,nakagawaatsushi   ,yamashitatomoya@yahoo.com     ,1958-02-16 ,2022-05-28 23:21:46 ,福井県横浜市戸塚区幸手26丁目25番10号 太田ヶ谷コート335
    331 ,lyoshida          ,miurakaori@sato.com           ,1999-03-27 ,2023-01-11 15:54:01 ,東京都東久留米市白金6丁目6番20号 港南シャルム418
    332 ,takahashiharuka   ,satorei@inoue.org             ,1990-10-24 ,2023-06-06 03:51:12 ,和歌山県東久留米市細野3丁目4番15号 虎ノ門パレス427
    333 ,haruka94          ,hideki57@shimizu.jp           ,1998-09-01 ,2022-05-20 22:11:18 ,滋賀県西多摩郡檜原村西川28丁目10番8号
    334 ,tanakaryohei      ,momoko47@yoshida.jp           ,1971-02-02 ,2022-12-18 04:51:17 ,沖縄県大島町細竹39丁目22番2号 パレス津久戸町685
    335 ,naokitakahashi    ,chiyo23@miura.jp              ,1998-04-05 ,2022-12-21 00:26:34 ,鹿児島県山武市虎ノ門虎ノ門ヒルズ森タワー24丁目26番19号
    336 ,shotakondo        ,kkondo@gmail.com              ,1973-01-01 ,2022-12-07 01:42:00 ,香川県長生郡長生村西浅草32丁目17番13号
    337 ,shimizutaro       ,yamadamai@hotmail.com         ,1962-04-15 ,2023-12-12 18:24:11 ,茨城県多摩市横林7丁目25番13号
    338 ,fukudaminoru      ,yoichi66@abe.net              ,1976-05-15 ,2022-11-30 18:34:37 ,神奈川県横浜市中区上野公園36丁目3番14号
    339 ,itoyoichi         ,yuigoto@yahoo.com             ,2000-10-14 ,2022-12-24 05:09:02 ,千葉県鎌ケ谷市一ツ橋23丁目10番9号 北青山クレスト307
    340 ,naokosato         ,vsuzuki@ogawa.jp              ,1999-04-08 ,2022-08-17 03:30:07 ,宮崎県調布市月島38丁目22番1号 パーク麹町220
    341 ,zogawa            ,junsasaki@gmail.com           ,1958-07-05 ,2023-04-21 09:43:29 ,群馬県印西市中宮祠34丁目14番19号
    342 ,jyamada           ,yokosuzuki@tanaka.jp          ,1998-08-10 ,2022-07-21 01:55:29 ,神奈川県印旛郡酒々井町芝公園26丁目24番20号 シティ大中354
    343 ,ryoshida          ,asukamaeda@hotmail.com        ,2003-07-23 ,2022-09-24 11:53:39 ,宮崎県山武郡九十九里町小入22丁目27番1号 パレス蔵前736
    344 ,kobayashiryohei   ,bmatsumoto@kato.jp            ,1983-05-12 ,2023-08-26 05:01:37 ,広島県長生郡睦沢町細竹40丁目21番17号
    345 ,yukisaito         ,yokoyamada@yamada.jp          ,1960-02-26 ,2023-04-27 11:06:22 ,茨城県小笠原村渡辺42丁目6番19号 四番町シャルム967
    346 ,pmatsumoto        ,kazuya92@yoshida.com          ,1976-07-16 ,2022-08-03 15:06:31 ,秋田県横浜市港南区三ノ輪38丁目11番15号
    347 ,rsakamoto         ,fujiiyuki@hotmail.com         ,1987-11-24 ,2023-01-29 14:10:57 ,宮崎県町田市芝大門20丁目1番18号 シティ箪笥町395
    348 ,gotoharuka        ,itoakemi@hasegawa.com         ,1987-03-23 ,2023-10-07 01:03:47 ,北海道小笠原村中三依38丁目7番15号 アーバン土呂部201
    349 ,itosotaro         ,psato@hotmail.com             ,1972-07-27 ,2022-04-02 02:42:18 ,富山県香取郡神崎町東浅草14丁目2番16号
    350 ,yasuhiro45        ,omori@abe.jp                  ,2001-09-21 ,2023-03-31 08:05:58 ,秋田県八王子市勝どき17丁目13番17号
    351 ,ztanaka           ,yoichiyamada@yahoo.com        ,1960-12-15 ,2023-11-26 00:18:35 ,愛知県稲城市小入33丁目13番11号 アーバン猿楽町008
    352 ,taichi21          ,yamazakirika@gmail.com        ,1982-02-02 ,2023-05-03 19:04:57 ,徳島県小金井市西小来川1丁目22番18号 東神田パレス401
    353 ,takumaishii       ,ykato@sato.jp                 ,1987-01-02 ,2023-04-09 00:22:01 ,富山県多摩市虎ノ門虎ノ門ヒルズ森タワー42丁目9番11号
    354 ,kaoriyamazaki     ,naoto94@nakagawa.jp           ,1988-11-02 ,2023-01-24 21:09:04 ,宮崎県千代田区大中35丁目4番19号 睦シティ469
    355 ,bkato             ,rfujita@yahoo.com             ,1978-06-05 ,2023-03-26 03:38:13 ,大分県渋谷区平河町30丁目17番6号 パーク細竹259
    356 ,yamadanaoto       ,shohei81@yamamoto.jp          ,2004-08-14 ,2021-12-26 11:32:07 ,兵庫県横浜市栄区台東12丁目2番10号 シティ外国府間960
    357 ,manabusato        ,satorei@gmail.com             ,1976-12-21 ,2022-07-14 06:10:49 ,香川県長生郡白子町無栗屋40丁目4番1号 コート北青山868
    358 ,ssaito            ,taichimaeda@hotmail.com       ,1984-12-16 ,2022-01-31 05:06:51 ,滋賀県東大和市北青山29丁目13番19号
    359 ,kobayashikenichi  ,kanasaito@yahoo.com           ,1979-07-14 ,2022-10-20 22:52:38 ,広島県印旛郡栄町勝どき38丁目7番17号 シティ千束732
    360 ,wsato             ,yokofujiwara@suzuki.org       ,1980-12-05 ,2022-02-16 21:49:47 ,長野県君津市上吉羽27丁目24番2号 コート今戸590
    361 ,sayurisakamoto    ,ysasaki@miura.net             ,1973-07-23 ,2023-03-06 13:01:02 ,北海道西東京市幸手14丁目16番10号 コート中川崎072
    362 ,tanakarika        ,sakamotoasuka@hotmail.com     ,1988-02-03 ,2022-08-25 00:24:10 ,沖縄県稲城市羽折町19丁目15番5号 クレスト手岡495
    363 ,ymaeda            ,yasuhiro84@yamaguchi.jp       ,1991-02-04 ,2022-11-17 08:59:18 ,石川県横浜市鶴見区脚折町10丁目19番3号 日光パーク548
    364 ,dtanaka           ,tanakaminoru@yahoo.com        ,1957-02-04 ,2022-12-05 12:10:01 ,茨城県川崎市宮前区台場11丁目23番20号 麹町コート597
    365 ,nakagawamai       ,wsaito@hashimoto.com          ,1987-06-17 ,2023-11-10 09:33:50 ,島根県横浜市栄区中小来川34丁目12番12号 ハイツ柿木沢新田005
    366 ,kaori38           ,hyamada@kobayashi.com         ,1987-06-25 ,2023-08-22 05:23:57 ,鹿児島県御蔵島村鶴ヶ丘39丁目14番15号 所野シャルム887
    367 ,kyosukekato       ,yamashitasotaro@gmail.com     ,1995-12-07 ,2023-02-27 10:48:04 ,石川県昭島市押上18丁目26番3号
    368 ,naoko48           ,mikako69@hotmail.com          ,1970-04-13 ,2022-03-07 08:22:58 ,岩手県昭島市西浅草20丁目6番9号
    369 ,mikakosakamoto    ,chiyo27@hotmail.com           ,1961-03-04 ,2022-04-03 01:50:55 ,新潟県福生市中川崎7丁目17番13号 シティ勝どき296
    370 ,cnakagawa         ,kobayashiyui@nakajima.jp      ,1993-04-06 ,2021-12-25 03:42:16 ,秋田県山武市虎ノ門34丁目7番11号 シティ細野606
    371 ,ryohei93          ,osamunakamura@hotmail.com     ,2005-07-21 ,2021-12-18 21:05:04 ,東京都川崎市川崎区虎ノ門虎ノ門ヒルズ森タワー38丁目11番6号 ハイツ西小来川658
    372 ,yui62             ,mituru64@gmail.com            ,2005-03-22 ,2023-08-20 13:08:02 ,高知県長生郡白子町横林39丁目27番7号 アーバン東神田667
    373 ,atsushisuzuki     ,lsasaki@yahoo.com             ,1977-05-09 ,2022-01-23 08:03:43 ,広島県香取郡多古町中宮祠19丁目5番5号 パレス白金933
    374 ,nakamurasayuri    ,ikedaakira@hotmail.com        ,1988-05-11 ,2022-08-16 16:14:40 ,徳島県川崎市川崎区中川崎14丁目18番10号
    375 ,kanasuzuki        ,rsuzuki@okamoto.jp            ,1968-08-09 ,2022-04-09 02:02:52 ,北海道あきる野市東神田2丁目4番4号 西小来川コート349
    376 ,harukayamaguchi   ,yoichiokada@yahoo.com         ,1968-04-30 ,2023-10-02 09:27:25 ,神奈川県神津島村皇居外苑15丁目16番20号 シャルム猿楽町428
    377 ,taro90            ,naoko01@yahoo.com             ,1987-06-18 ,2022-12-20 20:10:00 ,北海道横浜市南区柿木沢25丁目12番1号 シティ轟195
    378 ,harukamurakami    ,hsato@sato.com                ,1965-06-24 ,2022-02-08 03:58:03 ,長崎県君津市秋葉原27丁目9番2号 コーポ西小来川818
    379 ,qwatanabe         ,suzukisotaro@hotmail.com      ,1990-01-23 ,2022-11-01 16:34:03 ,埼玉県長生郡長生村脚折町13丁目21番12号 コート六番町670
    380 ,mikinishimura     ,mikako39@hotmail.com          ,1973-07-06 ,2022-07-29 13:39:44 ,福岡県あきる野市戸塚町22丁目16番18号 コート京橋183
    381 ,mituruyamamoto    ,akira77@gmail.com             ,1964-03-27 ,2023-05-27 15:06:57 ,島根県いすみ市港南38丁目9番15号 ハイツ中川崎671
    382 ,ishikawakazuya    ,mituru03@hotmail.com          ,1984-04-20 ,2022-06-16 17:00:35 ,香川県文京区上広谷29丁目19番13号 パレス雷門910
    383 ,ryohei06          ,osamushimizu@yahoo.com        ,1955-06-18 ,2023-10-07 19:58:49 ,神奈川県夷隅郡大多喜町虎ノ門虎ノ門ヒルズ森タワー32丁目9番8号 湯本塩原シャルム814
    384 ,ishiihanako       ,naokisasaki@takahashi.com     ,2001-04-24 ,2023-06-22 10:53:44 ,福井県墨田区下宇和田27丁目19番7号 木立ハイツ559
    385 ,yamaguchitomoya   ,kananishimura@takahashi.com   ,1956-09-15 ,2023-04-27 00:11:34 ,宮崎県山武郡芝山町細野38丁目3番12号 コート東大和町593
    386 ,naoki47           ,nanami02@gmail.com            ,1995-09-28 ,2022-12-12 17:23:26 ,山形県横浜市緑区港南36丁目13番6号 アーバン轟172
    387 ,chiyo09           ,yyamamoto@yamashita.com       ,1992-04-07 ,2023-04-10 09:26:32 ,高知県武蔵村山市竜泉41丁目18番18号 中川崎クレスト515
    388 ,mishii            ,kkato@gmail.com               ,1960-03-16 ,2023-05-09 17:41:11 ,京都府横浜市磯子区轟36丁目27番3号 外国府間パーク488
    389 ,shohei74          ,haruka01@fujiwara.jp          ,1955-05-22 ,2022-10-18 16:10:31 ,島根県横浜市鶴見区芝大門11丁目16番19号 中宮祠コーポ621
    390 ,mfukuda           ,ryosuke45@watanabe.jp         ,1953-04-07 ,2023-09-13 08:39:12 ,愛知県町田市方京38丁目4番2号
    391 ,hanakotakahashi   ,kenichi45@maeda.jp            ,1959-11-13 ,2022-03-09 06:09:27 ,茨城県目黒区柿木沢新田18丁目13番1号
    392 ,morisotaro        ,yamadaosamu@gmail.com         ,1997-06-27 ,2023-08-20 18:36:51 ,愛知県千代田区土沢23丁目7番3号
    393 ,iyoshida          ,phayashi@sato.com             ,1970-07-13 ,2023-12-02 09:42:07 ,茨城県西東京市六番町24丁目5番9号
    394 ,chiyokato         ,byamashita@yahoo.com          ,1955-09-25 ,2023-11-01 13:51:42 ,愛知県浦安市藤金30丁目14番4号 長畑ハイツ585
    395 ,momoko86          ,yasuhiro93@yahoo.com          ,1985-07-25 ,2023-06-24 05:57:35 ,富山県日野市上野公園2丁目25番14号
    396 ,mikako45          ,hidekiyamashita@nakajima.com  ,1955-01-03 ,2022-06-27 08:23:38 ,北海道渋谷区花川戸28丁目12番2号 クレスト丸の内ＪＰタワー481
    397 ,akemifujii        ,yamadaatsushi@mori.net        ,1998-11-20 ,2023-11-21 11:00:19 ,三重県文京区台東9丁目25番9号 パーク小入554
    398 ,mikitakahashi     ,atsushisaito@fukuda.net       ,1974-03-01 ,2022-12-30 18:42:05 ,大分県大島町東大和町7丁目12番18号 シティ東大和町084
    399 ,yamashitayosuke   ,naokomatsumoto@nakajima.jp    ,2004-09-06 ,2022-03-05 00:07:43 ,石川県川崎市川崎区東和町31丁目21番10号 クレスト下吉羽976
    400 ,kumikotanaka      ,minoru64@yamaguchi.jp         ,1963-06-17 ,2023-06-21 06:50:55 ,岩手県東村山市大中33丁目24番12号 シャルム木立705
    401 ,yui89             ,yamadamomoko@yoshida.net      ,1987-04-15 ,2022-12-12 16:25:03 ,埼玉県町田市台東18丁目24番3号 長畑シャルム644
    402 ,sotarokobayashi   ,fujiiatsushi@matsumoto.jp     ,1975-03-15 ,2023-12-09 00:34:35 ,青森県昭島市上野桜木11丁目6番16号 南郷屋ハイツ966
    403 ,takuma19          ,asuka02@takahashi.com         ,1987-05-08 ,2022-12-27 19:59:34 ,大分県夷隅郡大多喜町台東13丁目21番7号 クレスト轟322
    404 ,abejun            ,mai34@suzuki.jp               ,1954-07-31 ,2022-10-08 03:35:38 ,福島県西東京市一ツ橋29丁目23番13号 蟇沼パーク554
    405 ,rei40             ,abenaoko@hotmail.com          ,1980-09-23 ,2023-01-24 00:50:09 ,島根県横浜市港南区麹町12丁目26番20号 西関宿コート327
    406 ,utanaka           ,junsato@fujiwara.com          ,1988-05-11 ,2023-12-01 10:50:25 ,宮崎県西多摩郡檜原村幸手37丁目14番7号 蔵前シティ053
    407 ,satomi38          ,zyamaguchi@watanabe.com       ,1965-09-21 ,2023-01-20 08:17:51 ,山形県印旛郡印旛村押上25丁目25番4号 虎ノ門シャルム020
    408 ,fito              ,osamu13@gmail.com             ,1967-04-16 ,2022-08-12 19:45:30 ,栃木県八丈島八丈町雷門40丁目2番3号 山中新田コーポ099
    409 ,maiabe            ,pnishimura@hotmail.com        ,1962-06-26 ,2022-12-12 03:07:16 ,長野県山武郡芝山町戸山39丁目3番6号 アーバン筑土八幡町842
    410 ,maiito            ,ksuzuki@nakajima.com          ,1970-11-03 ,2022-05-06 03:48:50 ,三重県調布市鍛冶ケ沢19丁目18番15号 クレスト皇居外苑861
    411 ,naoko63           ,inoueasuka@yamaguchi.jp       ,1996-10-25 ,2023-10-08 21:39:03 ,高知県匝瑳市氏家12丁目26番8号 ハイツ神明内281
    412 ,naoto55           ,kyosukeyamada@sato.jp         ,1958-05-11 ,2022-04-15 23:46:10 ,大阪府東村山市雷門12丁目19番8号
    413 ,sasakiyuta        ,xwatanabe@ito.com             ,1958-06-07 ,2021-12-16 09:11:46 ,長野県香取郡多古町花島17丁目11番12号 シティ外神田489
    414 ,cyamamoto         ,satoyui@yamamoto.net          ,2005-03-01 ,2022-06-30 22:42:26 ,秋田県八千代市白金台5丁目20番7号 コーポ羽折町454
    415 ,kazuyawatanabe    ,watanabechiyo@ogawa.net       ,1988-11-14 ,2023-12-08 09:53:02 ,高知県印西市柿木沢新田22丁目16番11号 上広谷クレスト716
    416 ,ktanaka           ,okadanaoto@gmail.com          ,1963-03-03 ,2022-11-19 22:43:34 ,福井県長生郡長生村土呂部30丁目9番7号
    417 ,yoshidakaori      ,ftanaka@gmail.com             ,1971-12-31 ,2023-03-02 00:56:30 ,熊本県西多摩郡瑞穂町柿木沢30丁目13番20号 芝公園パーク247
    418 ,sasakinanami      ,abemituru@hotmail.com         ,1955-06-19 ,2022-09-17 05:34:00 ,千葉県清瀬市豊町1丁目4番18号
    419 ,hideki24          ,hashimototaichi@nakamura.jp   ,1998-06-22 ,2022-07-07 04:16:43 ,宮城県小笠原村南赤田32丁目21番9号
    420 ,katotakuma        ,kazuya72@hotmail.com          ,1963-12-15 ,2022-06-11 12:01:10 ,千葉県新宿区東三島29丁目11番6号 白金台パーク731
    421 ,fujitashota       ,ofujiwara@gmail.com           ,1990-08-09 ,2022-08-02 18:29:26 ,大分県三鷹市大中40丁目6番20号 アーバン皇居外苑058
    422 ,junsato           ,yamamotosayuri@kobayashi.jp   ,1997-12-28 ,2022-10-17 12:11:20 ,新潟県葛飾区京橋20丁目5番2号 月島シャルム038
    423 ,rsuzuki           ,usaito@nakajima.com           ,1959-04-16 ,2023-09-30 17:40:03 ,鹿児島県東村山市鶴ヶ丘31丁目6番4号
    424 ,nanami08          ,satonaoto@suzuki.com          ,1998-11-05 ,2022-04-11 06:16:41 ,福岡県多摩市鍛冶ケ沢26丁目14番20号 美原町ハイツ022
    425 ,tyamashita        ,uhashimoto@yahoo.com          ,1964-11-13 ,2023-11-28 16:15:22 ,神奈川県豊島区柿木沢新田4丁目14番11号 卯の里シティ711
    426 ,yutasaito         ,aokitaichi@gmail.com          ,1984-03-05 ,2022-10-19 16:59:30 ,秋田県国分寺市羽折町17丁目19番10号
    427 ,taro64            ,yuki53@hayashi.com            ,1977-09-14 ,2022-11-15 21:36:40 ,広島県あきる野市明石町13丁目5番3号 アーバン百村727
    428 ,miturumatsuda     ,dabe@kato.jp                  ,1979-12-29 ,2023-05-01 20:28:58 ,秋田県香取郡多古町押上33丁目13番15号 湯本塩原コーポ290
    429 ,xsuzuki           ,yumikomurakami@kobayashi.com  ,1996-12-17 ,2022-02-14 12:09:00 ,長崎県横浜市旭区大京町4丁目23番18号 勝どきコーポ691
    430 ,wwatanabe         ,yoichiyamaguchi@saito.com     ,1973-06-02 ,2022-03-01 00:59:16 ,鹿児島県君津市蔵前27丁目8番13号 上広谷コート064
    431 ,manabufukuda      ,gnakamura@yahoo.com           ,1991-11-23 ,2023-09-20 18:40:22 ,千葉県文京区湯本塩原27丁目3番7号 五味ヶ谷パレス426
    432 ,harukamatsumoto   ,nnakamura@watanabe.com        ,1993-06-12 ,2023-10-27 08:44:37 ,岡山県山武郡芝山町鍛冶ケ沢1丁目2番7号 大京町クレスト492
    433 ,wmori             ,yasuhiro48@nakamura.jp        ,1968-05-05 ,2022-10-16 17:35:25 ,福岡県山武市今戸19丁目17番18号
    434 ,minoruito         ,minoruyamada@yahoo.com        ,1992-10-26 ,2023-04-01 02:51:14 ,岩手県長生郡長柄町日比谷公園29丁目21番17号 東大和町シティ879
    435 ,yuki29            ,nanami10@yahoo.com            ,1971-03-23 ,2023-06-17 21:18:47 ,広島県長生郡睦沢町上野公園15丁目8番13号 竜泉クレスト638
    436 ,yoshidanaoto      ,yoichi65@suzuki.jp            ,1990-01-01 ,2022-08-18 20:32:40 ,静岡県東村山市今戸22丁目15番7号 コーポ手岡644
    437 ,suzukichiyo       ,yuki80@hotmail.com            ,1999-02-24 ,2022-08-05 11:11:59 ,宮城県昭島市北青山26丁目7番16号
    438 ,taichikobayashi   ,shota27@sato.jp               ,1982-05-22 ,2022-09-23 10:38:10 ,宮崎県目黒区無栗屋25丁目7番19号
    439 ,hideki77          ,msato@takahashi.jp            ,1973-10-12 ,2023-06-01 18:48:29 ,長野県印旛郡栄町西川2丁目14番14号
    440 ,maayayamada       ,hashimotomaaya@sasaki.com     ,1975-02-14 ,2023-04-15 14:13:25 ,佐賀県台東区上吉羽4丁目19番20号
    441 ,hiroshi18         ,chiyogoto@okamoto.com         ,1972-02-17 ,2022-02-14 01:04:42 ,岐阜県横浜市旭区前弥六南町39丁目2番19号 無栗屋シティ832
    442 ,nfukuda           ,ryosukeishii@hotmail.com      ,2002-05-21 ,2023-07-31 00:30:30 ,栃木県八王子市百村37丁目13番13号 コート松が谷134
    443 ,watanabemiki      ,naotoaoki@yamaguchi.com       ,1988-04-13 ,2023-01-03 21:54:42 ,大阪府福生市独鈷沢37丁目8番15号 アーバン豊町467
    444 ,rei24             ,nakamurajun@gmail.com         ,1957-09-04 ,2023-09-13 00:52:35 ,北海道富里市北青山37丁目13番15号 押上アーバン707
    445 ,haruka35          ,abetsubasa@ito.com            ,1996-04-30 ,2022-01-15 03:08:23 ,北海道武蔵村山市木立17丁目1番10号 ハイツ津久戸町872
    446 ,manabuyamashita   ,takahashimituru@kato.jp       ,2003-02-22 ,2022-05-16 18:30:53 ,岡山県横浜市鶴見区小入1丁目13番14号
    447 ,takumatakahashi   ,dtanaka@saito.jp              ,1956-03-26 ,2023-03-15 12:57:03 ,石川県神津島村箭坪7丁目16番19号 池之端コーポ333
    448 ,mituru43          ,lsasaki@tanaka.org            ,1992-12-12 ,2022-05-08 08:34:28 ,茨城県墨田区南赤田25丁目15番19号 クレスト神明内518
    449 ,usasaki           ,rikaabe@hashimoto.net         ,1984-09-18 ,2023-10-01 18:14:05 ,愛知県青ヶ島村柿木沢新田21丁目13番5号 箭坪アーバン256
    450 ,sasakinaoko       ,satomi81@kondo.com            ,1964-12-25 ,2022-11-17 16:01:59 ,佐賀県武蔵村山市丸の内ＪＰタワー32丁目6番17号 アーバン鍛冶ケ沢544
    451 ,miki89            ,yoshidakazuya@abe.com         ,1967-12-10 ,2023-12-02 23:39:06 ,愛媛県横浜市泉区百村30丁目20番1号
    452 ,asukaikeda        ,satoryosuke@gmail.com         ,1959-05-12 ,2023-04-06 02:25:22 ,鳥取県横浜市金沢区南赤田9丁目5番11号 シャルム上吉羽921
    453 ,naotoyamamoto     ,takahashitsubasa@gmail.com    ,1993-04-20 ,2023-08-24 20:25:24 ,福井県鎌ケ谷市台場40丁目1番13号
    454 ,kenichimori       ,sakamotoyui@hotmail.com       ,1989-03-28 ,2023-05-28 09:51:12 ,長崎県八王子市白金台29丁目9番1号 パーク下宇和田754
    455 ,yamamotohiroshi   ,shoheiyamashita@gmail.com     ,1967-03-04 ,2023-11-11 06:59:12 ,千葉県鎌ケ谷市東上野37丁目13番6号 柿木沢新田シティ939
    456 ,kana04            ,naoki11@hotmail.com           ,1981-04-10 ,2022-09-28 05:47:54 ,秋田県横浜市青葉区西川35丁目15番18号 平河町シティ236
    457 ,gaoki             ,kazuyamurakami@takahashi.com  ,1974-04-23 ,2023-01-10 03:53:10 ,富山県小笠原村羽折町15丁目13番5号 コート横林074
    458 ,wishikawa         ,akemimaeda@inoue.com          ,1964-02-23 ,2022-12-24 15:46:13 ,兵庫県横浜市旭区大中8丁目24番8号
    459 ,ishiiryohei       ,aokimikako@hotmail.com        ,1982-04-05 ,2022-07-07 09:06:45 ,大阪府川崎市幸区日光10丁目11番17号 箭坪パーク579
    460 ,tomoyanakamura    ,bmatsuda@gmail.com            ,2003-01-31 ,2023-01-13 21:42:46 ,三重県印西市高田馬場14丁目27番10号 麹町アーバン517
    461 ,shota49           ,reisato@kobayashi.jp          ,1969-12-13 ,2023-04-05 22:20:22 ,山形県横浜市磯子区六番町30丁目7番17号 クレスト太田ヶ谷025
    462 ,yuki74            ,hidekiendo@gmail.com          ,2000-01-12 ,2022-11-13 02:46:57 ,高知県川崎市宮前区轟2丁目20番2号 パレス芝大門024
    463 ,yasuhiro77        ,abenaoko@nakamura.net         ,1953-10-16 ,2023-03-04 03:06:07 ,山口県香取市天神島11丁目16番5号 シャルム蟇沼366
    464 ,akira35           ,manabukimura@sato.jp          ,1976-06-14 ,2023-11-15 02:48:04 ,宮城県長生郡白子町氏家新田3丁目24番11号 コート松石989
    465 ,shohei54          ,yumikoyoshida@shimizu.org     ,1995-08-18 ,2023-10-05 15:44:54 ,愛媛県墨田区土呂部6丁目27番4号 筑土八幡町コート792
    466 ,osamusuzuki       ,maayatanaka@gmail.com         ,1974-04-22 ,2023-04-19 05:20:01 ,岩手県荒川区羽折町7丁目15番11号 シティ一ツ橋653
    467 ,naokimaeda        ,kondoryosuke@gmail.com        ,1995-05-21 ,2023-04-26 18:38:20 ,岐阜県豊島区東神田1丁目4番15号
    468 ,taroyamamoto      ,pnakamura@fujita.net          ,1999-09-05 ,2022-07-02 07:54:44 ,秋田県山武市箭坪35丁目1番8号 山中新田クレスト489
    469 ,kana68            ,ptakahashi@gmail.com          ,2001-12-01 ,2022-09-25 02:37:13 ,高知県四街道市長畑28丁目16番4号 シャルム九段南846
    470 ,tyamazaki         ,fujiirika@fujita.jp           ,1992-01-01 ,2022-06-12 18:04:48 ,石川県神津島村東和町18丁目16番14号 長間シティ221
    471 ,onakamura         ,tsato@nakamura.jp             ,1996-11-29 ,2022-07-20 17:42:24 ,岩手県川崎市多摩区東浅草17丁目15番16号 パレス二つ室642
    472 ,kimurashohei      ,nsuzuki@takahashi.jp          ,2003-03-20 ,2022-03-16 19:59:22 ,千葉県清瀬市轟42丁目4番7号 コーポ北青山684
    473 ,hideki14          ,suzukikazuya@okada.jp         ,1988-10-21 ,2023-11-10 16:46:19 ,徳島県足立区白金台38丁目6番13号 松石アーバン937
    474 ,itokaori          ,matsumotorika@gmail.com       ,1971-12-17 ,2023-09-07 04:05:07 ,山口県鎌ケ谷市四区町3丁目20番13号 九段南パーク022
    475 ,jyamashita        ,hideki63@hotmail.com          ,1963-10-19 ,2023-06-10 16:35:52 ,長崎県横浜市栄区富久町26丁目8番18号
    476 ,satomikako        ,stakahashi@tanaka.com         ,1968-08-29 ,2022-05-20 18:21:23 ,福井県横浜市南区方京32丁目23番20号
    477 ,maedaryohei       ,jkimura@gmail.com             ,1955-03-16 ,2022-09-25 23:34:53 ,滋賀県川崎市幸区大中32丁目18番12号
    478 ,takuma55          ,rei65@takahashi.jp            ,2003-12-13 ,2022-07-08 16:59:31 ,大分県長生郡長生村雷門33丁目18番13号 東三島ハイツ130
    479 ,minoruyamaguchi   ,xkimura@hotmail.com           ,1985-06-20 ,2023-03-30 10:41:08 ,京都府横浜市南区南赤田4丁目23番9号 鳥越コーポ329
    480 ,lendo             ,xshimizu@yamashita.jp         ,1967-06-11 ,2023-03-28 23:17:05 ,北海道横浜市瀬谷区美原町26丁目4番9号 日光コート123
    481 ,tarosato          ,yoshidatomoya@tanaka.com      ,1963-08-10 ,2023-09-21 04:36:01 ,北海道安房郡鋸南町虎ノ門28丁目14番5号 パレス松が谷074
    482 ,nakagawasayuri    ,btakahashi@saito.jp           ,1987-12-07 ,2023-06-04 01:21:02 ,福岡県印旛郡本埜村隼町30丁目26番1号 コーポ千塚994
    483 ,yumikonakajima    ,ogawanaoto@hotmail.com        ,1964-11-10 ,2023-07-30 21:50:00 ,島根県香取郡東庄町神明内12丁目3番6号 浅草橋パーク399
    484 ,ryosuke08         ,kana52@shimizu.net            ,1993-07-07 ,2022-08-07 13:20:41 ,福岡県印旛郡酒々井町鍛冶ケ沢1丁目4番19号 独鈷沢シティ411
    485 ,kaori04           ,atsushi82@gmail.com           ,1990-01-07 ,2023-09-28 10:23:31 ,埼玉県香取市隼町18丁目11番7号 橋場シャルム714
    486 ,gtanaka           ,taro15@gmail.com              ,1987-02-12 ,2022-03-10 02:04:38 ,群馬県西東京市丸の内32丁目16番6号
    487 ,pyamamoto         ,pwatanabe@mori.com            ,1990-07-15 ,2023-04-30 21:43:47 ,宮城県横浜市青葉区南郷屋11丁目17番2号 湯宮アーバン655
    488 ,katomituru        ,manabukato@hotmail.com        ,1990-12-23 ,2022-05-20 19:58:53 ,千葉県豊島区油井22丁目18番15号 所野アーバン185
    489 ,yumiko23          ,byamashita@maeda.com          ,1999-12-18 ,2022-08-07 00:02:27 ,群馬県東大和市北上野34丁目22番15号 シティ東和町908
    490 ,naokifujii        ,zyamashita@kimura.jp          ,1955-12-16 ,2023-06-08 08:59:23 ,千葉県東久留米市無栗屋16丁目19番20号 パーク所野031
    491 ,jnakamura         ,watanabetomoya@hasegawa.jp    ,1990-10-04 ,2023-08-30 07:36:49 ,福岡県西多摩郡瑞穂町山中新田20丁目3番14号 シティ四番町234
    492 ,kanaokada         ,satoharuka@tanaka.com         ,1965-12-21 ,2022-05-24 23:13:25 ,長崎県青ヶ島村長畑39丁目19番9号
    493 ,matsumotohideki   ,yosuke24@takahashi.com        ,1990-11-26 ,2022-11-02 19:31:28 ,青森県長生郡長南町鳥越12丁目5番17号
    494 ,togawa            ,ishikawakaori@nakamura.org    ,1959-07-21 ,2022-03-22 13:58:44 ,北海道川崎市宮前区松が谷23丁目13番16号 コーポ戸山623
    495 ,hiroshikimura     ,yamashitayasuhiro@nakamura.jp ,1980-01-14 ,2023-05-27 22:22:58 ,栃木県国立市鍛冶ケ沢32丁目26番7号
    496 ,okamotokazuya     ,ryoheisuzuki@yahoo.com        ,1982-04-29 ,2022-04-17 15:37:33 ,三重県西多摩郡日の出町藤金41丁目11番13号 橋場シャルム931
    497 ,kaorinakajima     ,atsushikobayashi@hotmail.com  ,1998-06-27 ,2022-08-03 23:47:54 ,岡山県立川市麹町25丁目13番3号 パーク日比谷公園458
    498 ,satosotaro        ,cmiura@hotmail.com            ,1967-05-08 ,2022-11-25 01:49:23 ,千葉県川崎市幸区白金22丁目26番15号 クレスト西川294
    499 ,suzukiyui         ,qaoki@tanaka.net              ,1967-10-12 ,2022-05-12 07:56:56 ,大阪府君津市細野36丁目15番10号 クレスト西関宿024
    500 ,jishikawa         ,minoru54@gmail.com            ,1955-06-14 ,2022-04-10 15:44:03 ,愛媛県富里市津久戸町11丁目24番12号 所野シャルム069